[
{
  "model": "token_blacklist.outstandingtoken",
  "pk": 1,
  "fields": {
    "user": 1,
    "jti": "f96f11181ee14f0486aa5843a4076761",
    "token": "eyJhbGciOiJIUzI1NiIsInR5cCI6IkpXVCJ9.eyJ0b2tlbl90eXBlIjoicmVmcmVzaCIsImV4cCI6MTc0MzI2NTc1MiwiaWF0IjoxNzM0NjI1NzUyLCJqdGkiOiJmOTZmMTExODFlZTE0ZjA0ODZhYTU4NDNhNDA3Njc2MSIsInVzZXJfaWQiOjF9.BnWCJXkK2ds6sYPXfwygprm7xKFFKtQeLHWp27BwdYg",
    "created_at": "2024-12-19T16:29:12.801Z",
    "expires_at": "2025-03-29T16:29:12Z"
  }
},
{
  "model": "token_blacklist.outstandingtoken",
  "pk": 2,
  "fields": {
    "user": 1,
    "jti": "d95f48e362964bc0b12521f1313e2aa7",
    "token": "eyJhbGciOiJIUzI1NiIsInR5cCI6IkpXVCJ9.eyJ0b2tlbl90eXBlIjoicmVmcmVzaCIsImV4cCI6MTc0MzI2Njc3NCwiaWF0IjoxNzM0NjI2Nzc0LCJqdGkiOiJkOTVmNDhlMzYyOTY0YmMwYjEyNTIxZjEzMTNlMmFhNyIsInVzZXJfaWQiOjF9.ethC72bQKcwpz9FEmqcfp0FmlJOTaZ_mRBt1CO8Mo6Q",
    "created_at": "2024-12-19T16:46:14.898Z",
    "expires_at": "2025-03-29T16:46:14Z"
  }
},
{
  "model": "token_blacklist.outstandingtoken",
  "pk": 3,
  "fields": {
    "user": 2,
    "jti": "d789ce47f4124dc98a1f20ede17b0b81",
    "token": "eyJhbGciOiJIUzI1NiIsInR5cCI6IkpXVCJ9.eyJ0b2tlbl90eXBlIjoicmVmcmVzaCIsImV4cCI6MTc0MzM2MTMzOSwiaWF0IjoxNzM0NzIxMzM5LCJqdGkiOiJkNzg5Y2U0N2Y0MTI0ZGM5OGExZjIwZWRlMTdiMGI4MSIsInVzZXJfaWQiOjJ9.Gir5LFhn3lPMZlf2JwU9LzmgJpty5Mi9WhHotR_CkxM",
    "created_at": "2024-12-20T19:02:19.258Z",
    "expires_at": "2025-03-30T19:02:19Z"
  }
},
{
  "model": "token_blacklist.outstandingtoken",
  "pk": 4,
  "fields": {
    "user": 2,
    "jti": "c77789bf0b5f4fd8a65cfa49f173e314",
    "token": "eyJhbGciOiJIUzI1NiIsInR5cCI6IkpXVCJ9.eyJ0b2tlbl90eXBlIjoicmVmcmVzaCIsImV4cCI6MTc0MzM2MTQzNiwiaWF0IjoxNzM0NzIxNDM2LCJqdGkiOiJjNzc3ODliZjBiNWY0ZmQ4YTY1Y2ZhNDlmMTczZTMxNCIsInVzZXJfaWQiOjJ9.50DfRNB-xokSx8OLnmLqeKNI60aesw9mHDtD1uERJi0",
    "created_at": "2024-12-20T19:03:56.628Z",
    "expires_at": "2025-03-30T19:03:56Z"
  }
},
{
  "model": "token_blacklist.outstandingtoken",
  "pk": 5,
  "fields": {
    "user": 3,
    "jti": "b3dd924f0c004c16b1f188b355c77bdf",
    "token": "eyJhbGciOiJIUzI1NiIsInR5cCI6IkpXVCJ9.eyJ0b2tlbl90eXBlIjoicmVmcmVzaCIsImV4cCI6MTc0MzM2MTQ2MiwiaWF0IjoxNzM0NzIxNDYyLCJqdGkiOiJiM2RkOTI0ZjBjMDA0YzE2YjFmMTg4YjM1NWM3N2JkZiIsInVzZXJfaWQiOjN9.khhWVHYbJGqzeDCqlidDFMoXL3Lwm9jpVn70DYjH1NU",
    "created_at": "2024-12-20T19:04:22.133Z",
    "expires_at": "2025-03-30T19:04:22Z"
  }
},
{
  "model": "token_blacklist.outstandingtoken",
  "pk": 6,
  "fields": {
    "user": 4,
    "jti": "b500323e92254f6fb8859042727948a6",
    "token": "eyJhbGciOiJIUzI1NiIsInR5cCI6IkpXVCJ9.eyJ0b2tlbl90eXBlIjoicmVmcmVzaCIsImV4cCI6MTc0MzM2MTUyMywiaWF0IjoxNzM0NzIxNTIzLCJqdGkiOiJiNTAwMzIzZTkyMjU0ZjZmYjg4NTkwNDI3Mjc5NDhhNiIsInVzZXJfaWQiOjR9.n1t1b6D3fmrGOiUX8k5R-JmN51KbXUXfjBJtcKOF_bQ",
    "created_at": "2024-12-20T19:05:23.094Z",
    "expires_at": "2025-03-30T19:05:23Z"
  }
},
{
  "model": "user.user",
  "pk": 1,
  "fields": {
    "password": "pbkdf2_sha256$870000$eSO5NU04oFpd5RBCuos7m0$m+mtQOQFJYmhuWkASeOlEOOseUj3HT8abOvZxm1ypIg=",
    "last_login": null,
    "is_superuser": true,
    "first_name": "Andrew",
    "last_name": "Smith",
    "is_staff": true,
    "is_active": true,
    "date_joined": "2024-12-19T16:27:20.326Z",
    "email": "andrew@andrew.com",
    "groups": [],
    "user_permissions": []
  }
},
{
  "model": "user.user",
  "pk": 2,
  "fields": {
    "password": "pbkdf2_sha256$870000$1DXkHlKc0raxGSa4QcROCY$OqxXxDG40qC3IckHSOxrNvRxuKm4U+96X+vHblxEb58=",
    "last_login": null,
    "is_superuser": false,
    "first_name": "First_a",
    "last_name": "Last_a",
    "is_staff": false,
    "is_active": true,
    "date_joined": "2024-12-20T18:59:56.425Z",
    "email": "test_a@test.com",
    "groups": [],
    "user_permissions": []
  }
},
{
  "model": "user.user",
  "pk": 3,
  "fields": {
    "password": "pbkdf2_sha256$870000$iEXdhgyGfRZQIh3DGi7KpG$WpW2OF1DIXiNaHDKrntz/nn43mWKkU9rDQu7UznCrWM=",
    "last_login": null,
    "is_superuser": false,
    "first_name": "First_b",
    "last_name": "Last_b",
    "is_staff": false,
    "is_active": true,
    "date_joined": "2024-12-20T19:00:54.636Z",
    "email": "test_b@test.com",
    "groups": [],
    "user_permissions": []
  }
},
{
  "model": "user.user",
  "pk": 4,
  "fields": {
    "password": "pbkdf2_sha256$870000$YXQZ4OXQ06f1bb5xHHmOSg$sTg7aclobLeJazi4Ymms9+wjTLcoy1sG1Us3J1TKDRA=",
    "last_login": null,
    "is_superuser": false,
    "first_name": "First_c",
    "last_name": "Last_c",
    "is_staff": false,
    "is_active": true,
    "date_joined": "2024-12-20T19:01:21.292Z",
    "email": "test_c@test.com",
    "groups": [],
    "user_permissions": []
  }
},
{
  "model": "books.book",
  "pk": 1,
  "fields": {
    "title": "Alice's Adventures in Wonderland",
    "author": "Lewis Carroll",
    "daily_fee": "12.00",
    "cover": "Paperback",
    "inventory": 1
  }
},
{
  "model": "books.book",
  "pk": 2,
  "fields": {
    "title": "The 100-Year-Old Man Who Climbed Out the Window and Disappeared",
    "author": "Jonas Jonasson",
    "daily_fee": "22.00",
    "cover": "Hardcover",
    "inventory": 1
  }
},
{
  "model": "books.book",
  "pk": 3,
  "fields": {
    "title": "The Girl with the Dragon Tattoo",
    "author": "Stieg Larsson",
    "daily_fee": "15.00",
    "cover": "Hardcover",
    "inventory": 2
  }
},
{
  "model": "books.book",
  "pk": 4,
  "fields": {
    "title": "The Girl Who Played with Fire",
    "author": "Stieg Larsson",
    "daily_fee": "15.00",
    "cover": "Hardcover",
    "inventory": 5
  }
},
{
  "model": "books.book",
  "pk": 5,
  "fields": {
    "title": "Fahrenheit 451",
    "author": "Ray Bradbury",
    "daily_fee": "19.00",
    "cover": "Paperback",
    "inventory": 3
  }
},
{
  "model": "books.book",
  "pk": 6,
  "fields": {
    "title": "One Hundred Years of Solitude",
    "author": "Gabriel García Márquez",
    "daily_fee": "23.00",
    "cover": "Hardcover",
    "inventory": 3
  }
},
{
  "model": "books.book",
  "pk": 7,
  "fields": {
    "title": "Arch of Triumph",
    "author": "Erich Maria Remarque",
    "daily_fee": "24.00",
    "cover": "Paperback",
    "inventory": 0
  }
},
{
  "model": "books.book",
  "pk": 8,
  "fields": {
    "title": "Three Comrades",
    "author": "Erich Maria Remarque",
    "daily_fee": "24.00",
    "cover": "Paperback",
    "inventory": 0
  }
},
{
  "model": "books.book",
  "pk": 9,
  "fields": {
    "title": "Kafka on the Shore",
    "author": "Haruki Murakami",
    "daily_fee": "22.00",
    "cover": "Paperback",
    "inventory": 0
  }
},
{
  "model": "borrowing.borrowing",
  "pk": 1,
  "fields": {
    "user": 2,
    "book": 1,
    "borrow_date": "2024-12-21T16:41:39.595Z",
    "expected_return_date": "2024-12-23T16:39:00Z",
    "actual_return_date": "2024-12-21T17:25:11.915Z"
  }
},
{
  "model": "borrowing.borrowing",
  "pk": 2,
  "fields": {
    "user": 2,
    "book": 3,
    "borrow_date": "2024-12-21T17:17:17.062Z",
    "expected_return_date": "2024-12-31T17:17:00Z",
    "actual_return_date": "2024-12-22T11:14:28.338Z"
  }
},
{
  "model": "borrowing.borrowing",
  "pk": 3,
  "fields": {
    "user": 2,
    "book": 4,
    "borrow_date": "2024-12-21T18:38:40.328Z",
    "expected_return_date": "2024-12-30T18:35:00Z",
    "actual_return_date": null
  }
},
{
  "model": "borrowing.borrowing",
  "pk": 4,
  "fields": {
    "user": 3,
    "book": 7,
    "borrow_date": "2024-12-21T18:40:55.524Z",
    "expected_return_date": "2025-01-10T18:40:00Z",
    "actual_return_date": "2024-12-22T09:45:34.706Z"
  }
},
{
  "model": "borrowing.borrowing",
  "pk": 5,
  "fields": {
    "user": 1,
    "book": 2,
    "borrow_date": "2024-12-22T12:11:01.407Z",
    "expected_return_date": "2025-01-16T12:10:00Z",
    "actual_return_date": null
  }
},
{
  "model": "borrowing.borrowing",
  "pk": 6,
  "fields": {
    "user": 1,
    "book": 7,
    "borrow_date": "2024-12-22T12:22:50.020Z",
    "expected_return_date": "2025-01-11T12:22:00Z",
    "actual_return_date": null
  }
},
{
  "model": "borrowing.borrowing",
  "pk": 7,
  "fields": {
    "user": 1,
    "book": 3,
    "borrow_date": "2024-12-22T12:27:22.436Z",
    "expected_return_date": "2025-01-11T12:27:00Z",
    "actual_return_date": null
  }
},
{
  "model": "borrowing.borrowing",
  "pk": 8,
  "fields": {
    "user": 1,
    "book": 4,
    "borrow_date": "2024-12-22T12:35:42.956Z",
    "expected_return_date": "2025-01-23T12:35:00Z",
    "actual_return_date": null
  }
},
{
  "model": "borrowing.borrowing",
  "pk": 9,
  "fields": {
    "user": 1,
    "book": 5,
    "borrow_date": "2024-12-22T12:40:38.646Z",
    "expected_return_date": "2025-01-15T12:40:00Z",
    "actual_return_date": null
  }
},
{
  "model": "borrowing.borrowing",
  "pk": 10,
  "fields": {
    "user": 1,
    "book": 6,
    "borrow_date": "2024-12-22T12:49:27.315Z",
    "expected_return_date": "2024-12-27T12:49:00Z",
    "actual_return_date": "2024-12-28T10:42:00.477Z"
  }
},
{
  "model": "borrowing.borrowing",
  "pk": 11,
  "fields": {
    "user": 1,
    "book": 6,
    "borrow_date": "2024-12-22T12:53:55.612Z",
    "expected_return_date": "2024-12-31T12:49:00Z",
    "actual_return_date": null
  }
},
{
  "model": "borrowing.borrowing",
  "pk": 12,
  "fields": {
    "user": 1,
    "book": 1,
    "borrow_date": "2024-12-24T10:14:41.995Z",
    "expected_return_date": "2024-12-25T10:14:00Z",
    "actual_return_date": null
  }
},
{
  "model": "borrowing.borrowing",
  "pk": 13,
  "fields": {
    "user": 4,
    "book": 6,
    "borrow_date": "2024-12-24T10:15:44.819Z",
    "expected_return_date": "2024-12-25T10:15:00Z",
    "actual_return_date": null
  }
},
{
  "model": "borrowing.borrowing",
  "pk": 14,
  "fields": {
    "user": 4,
    "book": 1,
    "borrow_date": "2024-12-26T14:31:03.548Z",
    "expected_return_date": "2024-12-31T14:27:00Z",
    "actual_return_date": null
  }
},
{
  "model": "borrowing.borrowing",
  "pk": 15,
  "fields": {
    "user": 2,
    "book": 1,
    "borrow_date": "2024-12-27T16:39:01.033Z",
    "expected_return_date": "2025-01-03T16:08:00Z",
    "actual_return_date": null
  }
},
{
  "model": "borrowing.borrowing",
  "pk": 16,
  "fields": {
    "user": 2,
    "book": 1,
    "borrow_date": "2024-12-27T16:44:27.175Z",
    "expected_return_date": "2024-12-30T16:44:00Z",
    "actual_return_date": null
  }
},
{
  "model": "borrowing.borrowing",
  "pk": 17,
  "fields": {
    "user": 2,
    "book": 3,
    "borrow_date": "2024-12-27T17:41:21.705Z",
    "expected_return_date": "2024-12-31T17:40:00Z",
    "actual_return_date": null
  }
},
{
  "model": "borrowing.borrowing",
  "pk": 18,
  "fields": {
    "user": 3,
    "book": 5,
    "borrow_date": "2024-12-28T15:12:24.072Z",
    "expected_return_date": "2024-12-30T15:09:00Z",
    "actual_return_date": null
  }
},
{
  "model": "payment.payment",
  "pk": 1,
  "fields": {
    "borrowing": 14,
    "status": "expired",
    "type": "payment",
    "created_at": "2024-12-26T14:31:04.574Z",
    "session_id": "cs_test_a1qqMvp12IGpkjIQWEdWHVv8KhIlupRixDJj4pVrZ4g3dutcRCgAcyB51e",
    "session_url": "https://checkout.stripe.com/c/pay/cs_test_a1qqMvp12IGpkjIQWEdWHVv8KhIlupRixDJj4pVrZ4g3dutcRCgAcyB51e#fidkdWxOYHwnPyd1blpxYHZxWjA0VF9zZzVNXHZuXzBGMGBUc01jaVc0aVxMUjxtMk1LTE5IQ3wzRF9vd2F3f1NQQ2w2X2B9ZDJ8M1xzcEpnXGJcV1VMbWZDdlFfPGdJPEpoV0RtT0tnTkJMNTU2S3dMMnx%2FMCcpJ2N3amhWYHdzYHcnP3F3cGApJ2lkfGpwcVF8dWAnPyd2bGtiaWBabHFgaCcpJ2BrZGdpYFVpZGZgbWppYWB3dic%2FcXdwYHgl",
    "money_to_pay": "48.00"
  }
},
{
  "model": "payment.payment",
  "pk": 2,
  "fields": {
    "borrowing": 15,
    "status": "paid",
    "type": "payment",
    "created_at": "2024-12-27T16:39:20.991Z",
    "session_id": "cs_test_a1IWiebpgXOeLTsXQKHeuDSLnrTF4MoL1xtsuHV6ygo8KQ6A2m6nFa7IeK",
    "session_url": "https://checkout.stripe.com/c/pay/cs_test_a1IWiebpgXOeLTsXQKHeuDSLnrTF4MoL1xtsuHV6ygo8KQ6A2m6nFa7IeK#fidkdWxOYHwnPyd1blpxYHZxWjA0VF9zZzVNXHZuXzBGMGBUc01jaVc0aVxMUjxtMk1LTE5IQ3wzRF9vd2F3f1NQQ2w2X2B9ZDJ8M1xzcEpnXGJcV1VMbWZDdlFfPGdJPEpoV0RtT0tnTkJMNTU2S3dMMnx%2FMCcpJ2N3amhWYHdzYHcnP3F3cGApJ2lkfGpwcVF8dWAnPyd2bGtiaWBabHFgaCcpJ2BrZGdpYFVpZGZgbWppYWB3dic%2FcXdwYHgl",
    "money_to_pay": "84.00"
  }
},
{
  "model": "payment.payment",
  "pk": 3,
  "fields": {
    "borrowing": 16,
    "status": "pending",
    "type": "payment",
    "created_at": "2024-12-27T16:44:35.213Z",
    "session_id": "cs_test_a1v06A3pGshd2DROThPW8MT5I1I8t82bwXaaBGqgwrzWsreDnBo8H6QaDL",
    "session_url": "https://checkout.stripe.com/c/pay/cs_test_a1v06A3pGshd2DROThPW8MT5I1I8t82bwXaaBGqgwrzWsreDnBo8H6QaDL#fidkdWxOYHwnPyd1blpxYHZxWjA0VF9zZzVNXHZuXzBGMGBUc01jaVc0aVxMUjxtMk1LTE5IQ3wzRF9vd2F3f1NQQ2w2X2B9ZDJ8M1xzcEpnXGJcV1VMbWZDdlFfPGdJPEpoV0RtT0tnTkJMNTU2S3dMMnx%2FMCcpJ2N3amhWYHdzYHcnP3F3cGApJ2lkfGpwcVF8dWAnPyd2bGtiaWBabHFgaCcpJ2BrZGdpYFVpZGZgbWppYWB3dic%2FcXdwYHgl",
    "money_to_pay": "36.00"
  }
},
{
  "model": "payment.payment",
  "pk": 4,
  "fields": {
    "borrowing": 17,
    "status": "pending",
    "type": "payment",
    "created_at": "2024-12-27T17:41:23.591Z",
    "session_id": "cs_test_a1Bdr22XxOKYF4jyZ0fjL7uFlXMlSVkT0g94Hc6wPb3tVmYRsT6RwDXBEo",
    "session_url": "https://checkout.stripe.com/c/pay/cs_test_a1Bdr22XxOKYF4jyZ0fjL7uFlXMlSVkT0g94Hc6wPb3tVmYRsT6RwDXBEo#fidkdWxOYHwnPyd1blpxYHZxWjA0VF9zZzVNXHZuXzBGMGBUc01jaVc0aVxMUjxtMk1LTE5IQ3wzRF9vd2F3f1NQQ2w2X2B9ZDJ8M1xzcEpnXGJcV1VMbWZDdlFfPGdJPEpoV0RtT0tnTkJMNTU2S3dMMnx%2FMCcpJ2N3amhWYHdzYHcnP3F3cGApJ2lkfGpwcVF8dWAnPyd2bGtiaWBabHFgaCcpJ2BrZGdpYFVpZGZgbWppYWB3dic%2FcXdwYHgl",
    "money_to_pay": "60.00"
  }
},
{
  "model": "payment.payment",
  "pk": 5,
  "fields": {
    "borrowing": 10,
    "status": "pending",
    "type": "fine",
    "created_at": "2024-12-28T10:42:02.650Z",
    "session_id": "cs_test_a13xnbeixZAhJTLT7AMxXpA5XThKE7MwtKVuIdZAgbCRSEPF6wttFQE2Bz",
    "session_url": "https://checkout.stripe.com/c/pay/cs_test_a13xnbeixZAhJTLT7AMxXpA5XThKE7MwtKVuIdZAgbCRSEPF6wttFQE2Bz#fidkdWxOYHwnPyd1blpxYHZxWjA0VF9zZzVNXHZuXzBGMGBUc01jaVc0aVxMUjxtMk1LTE5IQ3wzRF9vd2F3f1NQQ2w2X2B9ZDJ8M1xzcEpnXGJcV1VMbWZDdlFfPGdJPEpoV0RtT0tnTkJMNTU2S3dMMnx%2FMCcpJ2N3amhWYHdzYHcnP3F3cGApJ2lkfGpwcVF8dWAnPyd2bGtiaWBabHFgaCcpJ2BrZGdpYFVpZGZgbWppYWB3dic%2FcXdwYHgl",
    "money_to_pay": "69.00"
  }
},
{
  "model": "payment.payment",
  "pk": 6,
  "fields": {
    "borrowing": 14,
    "status": "pending",
    "type": "payment",
    "created_at": "2024-12-28T13:37:44.737Z",
    "session_id": "cs_test_a1G7yKmsUTGfCUgx6cUddfO1WePW7S7a9Y0E1Z4fI8RKEKXy8eSbnX7FuU",
    "session_url": "https://checkout.stripe.com/c/pay/cs_test_a1G7yKmsUTGfCUgx6cUddfO1WePW7S7a9Y0E1Z4fI8RKEKXy8eSbnX7FuU#fidkdWxOYHwnPyd1blpxYHZxWjA0VF9zZzVNXHZuXzBGMGBUc01jaVc0aVxMUjxtMk1LTE5IQ3wzRF9vd2F3f1NQQ2w2X2B9ZDJ8M1xzcEpnXGJcV1VMbWZDdlFfPGdJPEpoV0RtT0tnTkJMNTU2S3dMMnx%2FMCcpJ2N3amhWYHdzYHcnP3F3cGApJ2lkfGpwcVF8dWAnPyd2bGtiaWBabHFgaCcpJ2BrZGdpYFVpZGZgbWppYWB3dic%2FcXdwYHgl",
    "money_to_pay": "60.00"
  }
},
{
  "model": "payment.payment",
  "pk": 7,
  "fields": {
    "borrowing": 18,
    "status": "paid",
    "type": "payment",
    "created_at": "2024-12-28T15:12:25.572Z",
    "session_id": "cs_test_a1ZYiORrlm1xHdwhtX0UQ2267vufRwoCzBhoI7rncNQLgCSD67j6JqjBtm",
    "session_url": "https://checkout.stripe.com/c/pay/cs_test_a1ZYiORrlm1xHdwhtX0UQ2267vufRwoCzBhoI7rncNQLgCSD67j6JqjBtm#fidkdWxOYHwnPyd1blpxYHZxWjA0VF9zZzVNXHZuXzBGMGBUc01jaVc0aVxMUjxtMk1LTE5IQ3wzRF9vd2F3f1NQQ2w2X2B9ZDJ8M1xzcEpnXGJcV1VMbWZDdlFfPGdJPEpoV0RtT0tnTkJMNTU2S3dMMnx%2FMCcpJ2N3amhWYHdzYHcnP3F3cGApJ2lkfGpwcVF8dWAnPyd2bGtiaWBabHFgaCcpJ2BrZGdpYFVpZGZgbWppYWB3dic%2FcXdwYHgl",
    "money_to_pay": "38.00"
  }
}
]
